ClassName,ClassID
Bhuttan,1
Bhuttan,1
Bhuttan,1
Bhuttan,1
Bhuttan,1
Bhuttan,1
Bhuttan,1
Bhuttan,1
Bhuttan,1
Bhuttan,1
Bhuttan,1
Bhuttan,1
Assam,-1
Assam,-1
Assam,-1
Bhuttan,1
Assam,-1
Bhuttan,1
Bhuttan,1
Assam,-1
Bhuttan,1
Bhuttan,1
Bhuttan,1
Bhuttan,1
Bhuttan,1
Bhuttan,1
Bhuttan,1
Bhuttan,1
Bhuttan,1
Bhuttan,1
Assam,-1
Assam,-1
Bhuttan,1
Bhuttan,1
Assam,-1
Assam,-1
Assam,-1
Assam,-1
Bhuttan,1
Bhuttan,1
Bhuttan,1
Bhuttan,1
Bhuttan,1
Bhuttan,1
Bhuttan,1
Bhuttan,1
Bhuttan,1
Bhuttan,1
Assam,-1
Bhuttan,1
Bhuttan,1
Bhuttan,1
Bhuttan,1
Bhuttan,1
Assam,-1
Assam,-1
Assam,-1
Assam,-1
Bhuttan,1
Assam,-1
Bhuttan,1
Bhuttan,1
Bhuttan,1
Bhuttan,1
Assam,-1
Bhuttan,1
Bhuttan,1
Bhuttan,1
Bhuttan,1
Bhuttan,1
Bhuttan,1
Assam,-1
Assam,-1
Assam,-1
Assam,-1
Assam,-1
Bhuttan,1
Assam,-1
Bhuttan,1
Assam,-1
Bhuttan,1
Bhuttan,1
Bhuttan,1
Bhuttan,1
Bhuttan,1
Bhuttan,1
Bhuttan,1
Bhuttan,1
Bhuttan,1
Bhuttan,1
Assam,-1
Assam,-1
Bhuttan,1
Assam,-1
Assam,-1
Assam,-1
Assam,-1
Assam,-1
Bhuttan,1
Bhuttan,1
Assam,-1
Bhuttan,1
Bhuttan,1
Bhuttan,1
Bhuttan,1
Bhuttan,1
Bhuttan,1
Bhuttan,1
Bhuttan,1
Bhuttan,1
Assam,-1
Bhuttan,1
Bhuttan,1
Assam,-1
Assam,-1
Assam,-1
Assam,-1
Assam,-1
Assam,-1
Assam,-1
Bhuttan,1
Bhuttan,1
Bhuttan,1
Bhuttan,1
Bhuttan,1
Bhuttan,1
Bhuttan,1
Bhuttan,1
Bhuttan,1
Bhuttan,1
Bhuttan,1
Assam,-1
Bhuttan,1
Assam,-1
Assam,-1
Assam,-1
Assam,-1
Assam,-1
Bhuttan,1
Assam,-1
Bhuttan,1
Bhuttan,1
Bhuttan,1
Bhuttan,1
Bhuttan,1
Bhuttan,1
Assam,-1
Bhuttan,1
Bhuttan,1
Bhuttan,1
Assam,-1
Assam,-1
Assam,-1
Assam,-1
Bhuttan,1
Assam,-1
Assam,-1
Assam,-1
Assam,-1
Assam,-1
Bhuttan,1
Bhuttan,1
Bhuttan,1
Bhuttan,1
Bhuttan,1
Bhuttan,1
Assam,-1
Bhuttan,1
Bhuttan,1
Assam,-1
Bhuttan,1
Assam,-1
Assam,-1
Bhuttan,1
Bhuttan,1
Assam,-1
Assam,-1
Assam,-1
Bhuttan,1
Assam,-1
Bhuttan,1
Bhuttan,1
Bhuttan,1
Assam,-1
Bhuttan,1
Bhuttan,1
Bhuttan,1
Bhuttan,1
Bhuttan,1
Bhuttan,1
Assam,-1
Assam,-1
Assam,-1
Bhuttan,1
Bhuttan,1
Assam,-1
Bhuttan,1
Assam,-1
Assam,-1
Assam,-1
Bhuttan,1
Bhuttan,1
Bhuttan,1
Bhuttan,1
Bhuttan,1
Bhuttan,1
Bhuttan,1
Bhuttan,1
Bhuttan,1
Bhuttan,1
Assam,-1
Assam,-1
Assam,-1
Assam,-1
Assam,-1
Assam,-1
Assam,-1
Assam,-1
Assam,-1
Bhuttan,1
Bhuttan,1
Bhuttan,1
Bhuttan,1
Bhuttan,1
Bhuttan,1
Bhuttan,1
Bhuttan,1
Bhuttan,1
Bhuttan,1
Bhuttan,1
Assam,-1
Assam,-1
Bhuttan,1
Bhuttan,1
Bhuttan,1
Bhuttan,1
Bhuttan,1
Bhuttan,1
Assam,-1
Assam,-1
Bhuttan,1
Bhuttan,1
Bhuttan,1
Bhuttan,1
Bhuttan,1
Bhuttan,1
Bhuttan,1
Bhuttan,1
Bhuttan,1
Bhuttan,1
Assam,-1
Assam,-1
Assam,-1
Assam,-1
Bhuttan,1
Bhuttan,1
Assam,-1
Assam,-1
Assam,-1
Assam,-1
Bhuttan,1
Bhuttan,1
Bhuttan,1
Bhuttan,1
Bhuttan,1
Bhuttan,1
Assam,-1
Bhuttan,1
Bhuttan,1
Bhuttan,1
Bhuttan,1
Assam,-1
Bhuttan,1
Assam,-1
Assam,-1
Bhuttan,1
Bhuttan,1
Assam,-1
Assam,-1
Assam,-1
Bhuttan,1
Bhuttan,1
Bhuttan,1
Bhuttan,1
Bhuttan,1
Bhuttan,1
Bhuttan,1
Bhuttan,1
Bhuttan,1
Bhuttan,1
Assam,-1
Bhuttan,1
Assam,-1
Assam,-1
Assam,-1
Assam,-1
Assam,-1
Assam,-1
Assam,-1
Assam,-1
Bhuttan,1
Bhuttan,1
Bhuttan,1
Bhuttan,1
Bhuttan,1
Bhuttan,1
Bhuttan,1
Bhuttan,1
Bhuttan,1
Bhuttan,1
Assam,-1
Assam,-1
Assam,-1
Assam,-1
Bhuttan,1
Assam,-1
Bhuttan,1
Assam,-1
Bhuttan,1
Assam,-1
Bhuttan,1
Assam,-1
Bhuttan,1
Bhuttan,1
Bhuttan,1
Bhuttan,1
Bhuttan,1
Bhuttan,1
Bhuttan,1
Bhuttan,1
Assam,-1
Bhuttan,1
Assam,-1
Assam,-1
Assam,-1
Bhuttan,1
Assam,-1
Assam,-1
Bhuttan,1
Bhuttan,1
Bhuttan,1
Bhuttan,1
Bhuttan,1
Bhuttan,1
Bhuttan,1
Bhuttan,1
Bhuttan,1
Bhuttan,1
Bhuttan,1
Bhuttan,1
Assam,-1
Bhuttan,1
Assam,-1
Assam,-1
Assam,-1
Assam,-1
Assam,-1
Assam,-1
Assam,-1
Assam,-1
Bhuttan,1
Bhuttan,1
Bhuttan,1
Bhuttan,1
Bhuttan,1
Bhuttan,1
Bhuttan,1
Bhuttan,1
Bhuttan,1
Bhuttan,1
Assam,-1
Assam,-1
Assam,-1
Assam,-1
Bhuttan,1
Assam,-1
Assam,-1
Assam,-1
Assam,-1
Assam,-1
Bhuttan,1
Bhuttan,1
Bhuttan,1
Bhuttan,1
Bhuttan,1
Assam,-1
Bhuttan,1
Bhuttan,1
Bhuttan,1
Bhuttan,1
Assam,-1
Assam,-1
Assam,-1
Assam,-1
Assam,-1
Bhuttan,1
Bhuttan,1
Assam,-1
Assam,-1
Bhuttan,1
